INSERT INTO `articles` (id,title,body,created_at,priority,picture_ext,picture_name) VALUES (1,'День открытых дверей','Факультет информационных технологий проводит



День открытых дверей



**26 марта 2011 года в 10.00**



По адресу: ул. Стромынка, д.18, здание ДК','2011-06-16 14:43:06',1,'png','pk6.png');
INSERT INTO `articles` (id,title,body,created_at,priority,picture_ext,picture_name) VALUES (2,'Студенты РГСУ поздравили страну','Празднование Дня России – молодого, но одного из главных государственных праздников – для студентов РГСУ началось в Ильинском сквере столицы. 12 июня там, наряду с сотнями студентов других вузов Москвы, они готовились к торжественному шествию в колонне университета: с флагами и растяжками, в футболках с символикой и праздничном настроении. С этим значимым днем ребята поздравляли не только любимую страну, город, в котором довелось учиться, но и свой вуз, гордо носящий имя Российского государственного социального университета.



Соединившись с командами коллег из других вузов, ребята держали маршрут к Красной площади, где их ждал феерический праздничный концерт. Многотысячное шествие студентов в значительной мере пополнило число зрителей шоу, которое к вечеру достигло порядка 30000 человек.



По смелому замыслу организаторов, главная площадь страны превратилась в этот вечер в грандиозную концертную площадку, на которой встретились «звезды» российской поп, рок и r’n’b’ сцены: Елка, Жанна Фриске, Гарик Сукачев, Александр Ф.Скляр, Юлия Савичева, Кристина Орбакайте, Сергей Трофимов, группы «Любэ», «Чичерина», «Чайф», «Моральный кодекс», «Смысловые галлюцинации», «БИ-2», «Звери», «Город-312», «Уматурман», А-Студио, «Дискотека Аваривя», 23:45 и 5ivesta и многие другие легендарные и молодые исполнители. Ведущими концерта выступили бессменные Антон Комолов, Ольга Шелест, Лера Кудрявцева и Роман Емельянов. Зрителей ждало немало сюрпризов – технологические решения, разработанные специально для этого шоу, позволяли вывести на сцену как конный караул, так и колонну автомобилей. Ровно в полночь торжество завершилось праздничным салютом.



Флаги РГСУ «не унывали» на протяжении всего вечера, а студентов не покидало праздничное расположение духа: ребята пели и танцевали вместе со «звездами»','2011-06-16 14:58:28',5,'jpg','isa_0571.jpg');
INSERT INTO `articles` (id,title,body,created_at,priority,picture_ext,picture_name) VALUES (3,'В Сочи открылся волонтерский Паралимпийский центр РГСУ','11 июня был дан старт обратному отсчету времени до начала XI Паралимпийских зимних игр. В этот день в г. Сочи состоялось открытие волонтерского Паралимпийского центра Российского государственного социального университета, а также были запущены инновационные часы обратного отсчета до открытия Паралимпийских игр.



В преддверии 1000 дней до XI Паралимпийских игр Оргкомитет "Сочи 2014" объявил о старте инновационного проекта "Карта доступности". Его главная цель - помочь людям с инвалидностью найти места в "шаговой доступности", где они смогут заниматься паралимпийскими видами спорта, а также предоставить им информацию о находящихся неподалеку от их домов элементах безбарьерной среды, таких как пандусы, опорные поручни, противоскользящие покрытия.



Первую точку на общероссийской "Карте доступности" уже определили студенты сочинского филиала Российского государственного социального университета, на базе которого открылся центр по подготовке волонтеров. С приветственным словом на торжественном открытии выступили: президент организационного комитета «Сочи 2014» Дмитрий Николаевич Чернышенко, Глава города Сочи Анатолий Николаевич Пахомов, ректор - основатель Российского государственного социального университета, академик РАН Василий Иванович Жуков.



Также в мероприятии приняли участие: заместитель Главы города Сочи Ирина Васильевна Романец, начальник Управления по образованию и науке Администрации города Сочи Ольга Николаевна Медведева, начальник Управления молодежной политики Администрации города Сочи Андрей Николаевич Безроднов, депутат Городского Собрания города Сочи Людмила Георгиевна Манцурова, начальник наркоконтроля по городу Сочи Константин Витальевич Скрыпник, директор филиала РГСУ в городе Сочи, к.ю.н. Наталья Викторовна Соколова.



В рамках открытия Центра волонтеры РГСУ провели «Флешмоб равных возможностей»: выстроившись в логотип Паралимпийских игр, они выпустили сотни воздушных шаров в знак причастности к Паралимпийскому движению России.



Кроме того, в центре города прошли мастер-классы по паралимпийским видам спорта, которые проводили спортсмены-паралимпийцы (Сергей Шилов, Ирек Зарипов) и тренера, члены паралимпийской сборной России Ирина Громова, Иван Гончаров, Аоексей Быченок, Светлана Ярошевич, Кирилл Михайлов.



Для всех желающих прошли эстафеты на колясках, в которых приняли участие мэр Сочи Анатолий Пахомов и президент Оргкомитета «Сочи 2014» Дмитрий Чернышенко. Также на площадках города можно было наблюдать выступления творческих коллективов, акцию «1000 пожеланий паралимпийским спортсменам» и викторины для детей от талисманов Паралимпийских игр Лучика и Снежинки.','2011-06-16 15:02:52',1,'jpg','img_5179(3).jpg');
INSERT INTO `articles` (id,title,body,created_at,priority,picture_ext,picture_name) VALUES (4,'Путешествие в страну Детства','1 июня в Международный День защиты детей Управление социального проектирования совместно с социально-гуманитарным факультетом РГСУ и филиалом ГУ Московского Дома общественных организаций в СВА организовало благотворительное мероприятие «Путешествие в страну Детства».



На праздник пришли семьи из региональной общественной организации инвалидов «Берегиня - 21 век», региональной общественной организации «Общество инвалидов и семей, имеющих детей-инвалидов «Салюс», региональной общественной организации «Благотворительное общество многодетных и одиноких малообеспеченных семей «Лось».



Площадка возле главного корпуса, украшенная шарами, рисунками, выставками, превратилась в волшебную страну. Студенты, преподаватели, сотрудники и около пятидесяти детей и их родителей оказались все вместе на празднике Детства.



Сказочные персонажи, в роли которых выступали студенты 2 курса специальности «Социо-культурная деятельность», пригласили детей в путешествие по станциям.

На станции «Удивительная» ребята познакомились с выставкой продукции по мульттерапии «Смешарики», предоставленной Национальным детским фондом. Каждый ребенок получил в подарок dvd - диск с мультфильмами, музыкальный диск с детскими песнями и брелок.



Также здесь их ожидали авторские художественно-прикладные выставки: «Кукла Лекарь» руководителя «Семейной гостиной» Е.А. Фроловой, «Мир, в котором я живу» ученицы школы-интерната для слабослышащих №22 Марии Карповой, «Вместе весело шагать» детей из ЦСО Бабушкинский СВАО.



На станции «Художественная» ребят порадовал коллаж из рисунков и плакатов «Забота о детях – забота о будущем», который старательно подготовили студенты специальности «Социальная реклама и дизайн». Мальчишки и девчонки, вооружившись цветными мелками, с удовольствием приняли участие в конкурсе рисунков на асфальте «Солнечный круг».



На станции «Искусная» кипела работа пяти мастер-классов: «Народная кукла России» (Анастасия Огурцова, психолог отделения помощи семье и детям ЦСО Бабушкинский СВАО, изготовление тряпичной куклы); «Цветочная поляна» (Валерия Малкина, член Международной ассоциации авторов кукол, работа с пластиком), «Стильные штучки для лета» (Даша Федорова, студентка 3 курса, специальность «Социо-культурная деятельность», изготовление бижутерии); «Лейка-Полейка» (Маша Белкина и Евгений Орлов, студенты 3 курса, специальность «Социо-культурная деятельность»), роспись глиняных леечек, которые привезла на праздник Милена Курганова, директор Международной ассоциации авторов кукол; «Шерстяная забава» (Ольга Рязанцева, член МОАК, валяние из шерсти).



На станции «Остров научных открытий» ребят ожидали интерактивные опыты, которые демонстрировали сотрудники Центра научно-познавательного досуга для детей «Маленькие Находчивые».

Далее клоуны-затейники проводили всех участников в «Семейную гостиную». Там работали еще три станции. На «Танцевальной» психолог Светлана Гааб, член Клуба семейного творчества, провела с семьями сеанс танцевально - двигательной терапии.



На станции «Сказочная» Иван Затока, руководитель Театра Кукол культурно-образовательного Центра «Этномир» в г.Калуге, показал присутствующим сказку «Щедрое дерево».



А вот и последняя станция, «Вкусная». Здесь были подведены итоги конкурсов и мастер-классов. Ребята, которые раскрыли свои дарования и с лучшей стороны показали себя в играх и конкурсах, были награждены грамотами и подарками.



Все организаторы праздника были отмечены благодарственными письмами, которые вручала начальник Управления социального проектирования Лира Николаевна Петрова.



Праздник «Путешествие в страну Детства» для всех ребятишек получился теплым и солнечным, как и первый день лета! А для взрослых этот праздник - напоминание об ответственности общества за судьбу каждого ребёнка.



В заключение руководитель «Семейной гостиной» Елена Анатольевна Фролова выразила особую благодарность тем семьям, в которых ребёнка окружают заботой и пониманием, ведь детское счастье полновесно только тогда, когда ребёнок согрет любовью своих близких.','2011-06-16 15:10:08',1,'jpg','_mg_8507.jpg');




INSERT INTO `contacts` (id,address,phones,email,url,picture_ext,picture_name) VALUES (1,'Москва, ул. Вильгельма Пика, д.4, корпус 5, 410 ауд','Учебная часть: +7 (495) 783-80-51','ale-chka731@yandex.ru','www.rgsu.net','jpg','map.jpg');



INSERT INTO `degrees` (id,name,short_name) VALUES (1,'кандидат технических наук','к.т.н.');
INSERT INTO `degrees` (id,name,short_name) VALUES (2,'кандидат физико-математических наук','к.ф.-м.н.');
INSERT INTO `degrees` (id,name,short_name) VALUES (3,'доктор физико-математических наук','д.ф.-м.н.');
INSERT INTO `degrees` (id,name,short_name) VALUES (4,'доктор технических наук','д.т.н.');
INSERT INTO `degrees` (id,name,short_name) VALUES (5,'кандидат педагогических наук','к.п.н.');



INSERT INTO `disciplines` (id,name) VALUES (1,'Объектно-ориентированное программирование');
INSERT INTO `disciplines` (id,name) VALUES (2,'Теория разработки программного обеспечения');
INSERT INTO `disciplines` (id,name) VALUES (3,'Системное программное обеспечение');
INSERT INTO `disciplines` (id,name) VALUES (4,'Технология программирования');
INSERT INTO `disciplines` (id,name) VALUES (5,'Системное и прикладное программное обеспечение');
INSERT INTO `disciplines` (id,name) VALUES (6,'Программное обеспечение ЭВМ');
INSERT INTO `disciplines` (id,name) VALUES (7,'Языки и методы программирования');
INSERT INTO `disciplines` (id,name) VALUES (8,'Вычислительная техника и программирование');
INSERT INTO `disciplines` (id,name) VALUES (9,'Программирование на языке высокого уровня');
INSERT INTO `disciplines` (id,name) VALUES (10,'Параллельные системы и параллельное программирование');
INSERT INTO `disciplines` (id,name) VALUES (11,'Математическая логика и теория алгоритмов');
INSERT INTO `disciplines` (id,name) VALUES (12,'Специальные разделы теории языков программирования');
INSERT INTO `disciplines` (id,name) VALUES (13,'Логика (ФСИТ)');
INSERT INTO `disciplines` (id,name) VALUES (14,'Семантика языков программирования');
INSERT INTO `disciplines` (id,name) VALUES (15,'Схематология программ');
INSERT INTO `disciplines` (id,name) VALUES (16,'Математическая логика');
INSERT INTO `disciplines` (id,name) VALUES (17,'Теория алгоритмов');
INSERT INTO `disciplines` (id,name) VALUES (18,'Программирование');
INSERT INTO `disciplines` (id,name) VALUES (19,'Математические основы обработки информации');
INSERT INTO `disciplines` (id,name) VALUES (20,'Функциональное и логическое программирование');
INSERT INTO `disciplines` (id,name) VALUES (21,'Распределённые базы данных и сетевые приложения');
INSERT INTO `disciplines` (id,name) VALUES (22,'Структуры и алгоритмы обработки данных');
INSERT INTO `disciplines` (id,name) VALUES (23,'Логика');
INSERT INTO `disciplines` (id,name) VALUES (24,'Специальные разделы теории программирования');
INSERT INTO `disciplines` (id,name) VALUES (25,'Теория вычислительных процессов');
INSERT INTO `disciplines` (id,name) VALUES (26,'Высокоуровневые методы информатики и программирования');
INSERT INTO `disciplines` (id,name) VALUES (27,'Специальные разделы математической логики');
INSERT INTO `disciplines` (id,name) VALUES (28,'Методы программирования и прикладные алгоритмы');



INSERT INTO `histories` (id,body,picture_ext,picture_name) VALUES (1,'Кафедра «Программного обеспечения вычислительной техники» создана в сентябре 2002 г по инициативе декана факультета Информационных технологий Л.С.Онокой. В том же году был произведён набор студентов на одноименную специальность. До 2008 года заведующим кафедрой являлся д.т.н., профессор Кораблин Юрий Прокофьевич. С мая 2008 года кафедру возглавил к.п.н, доцент Маньковский Иван Васильевич. На кафедре работают 4 доктора (технических, физико-математических) наук, 3 кандидата наук), доцентов. 



Основным направлением научных интересов кафедры являются системы обработки символьной информации. Лаборатории кафедры ПОВТ оснащены ЭВМ, где установлены современные пакеты прикладных программ. 



В 2005 году аудитории кафедры были оборудованы мультимедиа-проекторами. Оборудование используется для проведения занятий и научных семинаров.



В рамках учебной программы (по выбору студента) курс лекций и семинарские занятия может вестись на английском языке.



Кафедра имеет аспирантуру по научному направлению: 05.13.11 Математическое и программное обеспечение вычислительных машин, комплексов и компьютерных сетей;



Работают специализированные советы по защите докторских и кандидатских диссертаций. За истекший период успешно защищены 40 кандидатских и 2 докторских диссертация, опубликовано более 300 научных работ и получено 8 патентов. Результаты исследований докладывались на различных региональных, Всероссийских, Международных научно-технических конференциях. 



Программное обеспечение вычислительной техники ― область науки и техники, которая включает совокупность инструментальных средств, способов и методов человеческой деятельности, направленной на создание и применение программного обеспечения вычислительной техники и автоматизированных систем на основе современных достижений информационных технологий, теории алгоритмов и теоретического программирования. Это динамичное и быстро развивающееся научное и прикладное направление с нарастающим поглощением интеллектуальных ресурсов общества всегда будет актуальным и перспективным.

','jpg','untitled-2_jpg.jpg');


INSERT INTO `links` (id,url,description) VALUES (1,'http://rubyonrails.org/','Сайт для разработчиков на RubyOnRails');
INSERT INTO `links` (id,url,description) VALUES (2,'http://htmlbook.ru/','Всё о вёрстке сайтов');
INSERT INTO `links` (id,url,description) VALUES (3,'https://github.com/','GitHub — веб-сервис для хостинга проектов и их совместной разработки, основанный на системе контроля версий Git.');
INSERT INTO `links` (id,url,description) VALUES (4,'http://basecamphq.com/','Онлайн-инструмент для управления проектами, совместной работы и постановки задач по проектам.');
INSERT INTO `positions` (id,name,short_name) VALUES (1,'заведующий кафедрой','зав.каф.');
INSERT INTO `positions` (id,name,short_name) VALUES (2,'профессор','проф.');
INSERT INTO `positions` (id,name,short_name) VALUES (3,'доцент','доц.');



INSERT INTO `specialities` (id,code,name,short_name,count_years,in_diploma) VALUES (1,'230100.63','Информатика и вычислительная техника (Бакалавр)','ИВТ-Д',4,'Бакалавр техники и технологии');
INSERT INTO `specialities` (id,code,name,short_name,count_years,in_diploma) VALUES (2,'230100.68','Информатика и вычислительная техника (Магистр)','ИВТ-ДМ',2,'Магистр техники и технологии');
INSERT INTO `specialities` (id,code,name,short_name,count_years,in_diploma) VALUES (3,'230105.65','Программное обеспечение вычислительной техники и автоматизированных систем (Специалисты)','ПОВТ-Д',5,'Инженер');
INSERT INTO `specialities` (id,code,name,short_name,count_years,in_diploma) VALUES (4,'230105.65','Программное обеспечение вычислительной техники и автоматизированных систем (Специалисты)','ПОВТ-З',6,'Инженер');


INSERT INTO `people` (id,last_name,first_name,patronymic_name,birthday,phone,email,nature,info,picture_ext,picture_name) VALUES (1,'Маньковский','Иван','Васильевич','1952-04-19','','','t','Доцент кафедры программирования объектов вычислительной техники.





Окончил Ставропольский государственный педагогический институт (СГПИ) в 1975. Специальность – учитель физики средней школы. Факультет физико-математический. Кафедра Физика. Квалификация – учитель-физик. 



Стаж работы в РГСУ – 2 года. Общий стаж работы – 33 года.

','jpg','mankovscii.jpg');
INSERT INTO `people` (id,last_name,first_name,patronymic_name,birthday,phone,email,nature,info,picture_ext,picture_name) VALUES (2,'Кораблин','Юрий','Прокофьевич','1946-07-15','','','t','Является действительным членом Международной Академии Информатизации. 



Председатель диссертационного совета по техническим наукам Д 212.341.07.','gif','korablin[1].gif');
INSERT INTO `people` (id,last_name,first_name,patronymic_name,birthday,phone,email,nature,info,picture_ext,picture_name) VALUES (3,'Рубальский','Григорий','Борисович','1946-03-16','','','t','Ведущий сотрудник кафедры ПОВТ. 



Участник Государственной научно-технической конференции «МИСиС». 



Разработал систему автоматизации работы деканата вуза.',NULL,NULL);
INSERT INTO `people` (id,last_name,first_name,patronymic_name,birthday,phone,email,nature,info,picture_ext,picture_name) VALUES (4,'Ионин','Владимир','Кузьмич','1935-02-15','','Vladmir_ionin@mtu-net.ru','t','',NULL,NULL);
INSERT INTO `people` (id,last_name,first_name,patronymic_name,birthday,phone,email,nature,info,picture_ext,picture_name) VALUES (5,'Куликова','Наталья','Львовна','1948-03-22','','kulivovaNL@mpei.ru','t','Специалист в области информационных технологий и программирования.',NULL,NULL);
INSERT INTO `people` (id,last_name,first_name,patronymic_name,birthday,phone,email,nature,info,picture_ext,picture_name) VALUES (6,'Набебин','Алексей','Александрович','1940-01-01','+7(916)508-24-70','nabebinAA@mpei.ru','t','Научная работа за рубежом: Референт реферативного журнала Zentralblatt MATH (Германия) Европейского математического общества, с 1992 года по н.в.','jpg','5nabebin-2009[1].jpg');
INSERT INTO `people` (id,last_name,first_name,patronymic_name,birthday,phone,email,nature,info,picture_ext,picture_name) VALUES (7,'Ломазова','Ирина','Александровна','1958-08-05','','ilomazova@hse.ru','t','','jpg','5irina[1].jpg');
INSERT INTO `people` (id,last_name,first_name,patronymic_name,birthday,phone,email,nature,info,picture_ext,picture_name) VALUES (8,'Чумакова','Екатерина','Витальевна','1981-04-16','','','t','',NULL,NULL);
INSERT INTO `people` (id,last_name,first_name,patronymic_name,birthday,phone,email,nature,info,picture_ext,picture_name) VALUES (9,'Телегина','Мария','Викторовна','1990-10-14','','','s','','jpg','telegina.jpg');
INSERT INTO `people` (id,last_name,first_name,patronymic_name,birthday,phone,email,nature,info,picture_ext,picture_name) VALUES (10,'Алексеев','Игорь','Сергеевич','1989-08-05','','','s','','jpg','alexseev.jpg');
INSERT INTO `people` (id,last_name,first_name,patronymic_name,birthday,phone,email,nature,info,picture_ext,picture_name) VALUES (11,'Борисов','Александр','Андреевич','1990-03-01','','','s','','jpg','borisov.jpg');
INSERT INTO `people` (id,last_name,first_name,patronymic_name,birthday,phone,email,nature,info,picture_ext,picture_name) VALUES (12,'Волков','Егор','Борисович','1988-05-07','','','s','','jpg','volkov.jpg');
INSERT INTO `people` (id,last_name,first_name,patronymic_name,birthday,phone,email,nature,info,picture_ext,picture_name) VALUES (13,'Гадаборшев','Ильяс','Абоевич','1990-10-10','','','s','','jpg','gadoborshev.jpg');
INSERT INTO `people` (id,last_name,first_name,patronymic_name,birthday,phone,email,nature,info,picture_ext,picture_name) VALUES (14,'Карпов','Иван','Владимирович','1990-05-05','','','s','','jpg','karpov.jpg');
INSERT INTO `people` (id,last_name,first_name,patronymic_name,birthday,phone,email,nature,info,picture_ext,picture_name) VALUES (15,'Кузнецов','Максим','Александрович','1990-10-20','','','s','','jpg','kuznecov.jpg');
INSERT INTO `people` (id,last_name,first_name,patronymic_name,birthday,phone,email,nature,info,picture_ext,picture_name) VALUES (16,'Курпяков','Михаил','Викторович','1987-02-23','','','s','','jpg','kurpyakov.jpg');
INSERT INTO `people` (id,last_name,first_name,patronymic_name,birthday,phone,email,nature,info,picture_ext,picture_name) VALUES (17,'Максимова','Маргарита','Александровна','1990-04-21','','','s','','jpg','maksimova.jpg');
INSERT INTO `people` (id,last_name,first_name,patronymic_name,birthday,phone,email,nature,info,picture_ext,picture_name) VALUES (18,'Мясников','Андрей','Сергеевич','1990-05-15','','','s','','jpg','myasnikov.jpg');
INSERT INTO `people` (id,last_name,first_name,patronymic_name,birthday,phone,email,nature,info,picture_ext,picture_name) VALUES (19,'Новосельцев','Алексей','Алексеевич','1990-09-18','','','s','','jpg','novosilicev.jpg');
INSERT INTO `people` (id,last_name,first_name,patronymic_name,birthday,phone,email,nature,info,picture_ext,picture_name) VALUES (20,'Овсянкин','Александр','Сергеевич','1990-10-13','','','s','','jpg','ovsyankin.jpg');
INSERT INTO `people` (id,last_name,first_name,patronymic_name,birthday,phone,email,nature,info,picture_ext,picture_name) VALUES (21,'Онучин','Артем','Валерьевич','1988-11-30','','','s','','jpg','onuchin.jpg');
INSERT INTO `people` (id,last_name,first_name,patronymic_name,birthday,phone,email,nature,info,picture_ext,picture_name) VALUES (22,'Ратахов','Евгений','Иванович','1989-12-15','','','s','','jpg','ratahov.jpg');
INSERT INTO `people` (id,last_name,first_name,patronymic_name,birthday,phone,email,nature,info,picture_ext,picture_name) VALUES (23,'Родин','Андрей','Алексеевич','1990-06-25','','','s','','jpg','rodin.jpg');
INSERT INTO `people` (id,last_name,first_name,patronymic_name,birthday,phone,email,nature,info,picture_ext,picture_name) VALUES (24,'Самсонов','Максим','Александрович','1990-11-21','','','s','','jpg','samsonov.jpg');
INSERT INTO `people` (id,last_name,first_name,patronymic_name,birthday,phone,email,nature,info,picture_ext,picture_name) VALUES (25,'Федин','Евгений','Андреевич','1989-12-16','','','s','','jpg','fedin_andr.jpg');
INSERT INTO `people` (id,last_name,first_name,patronymic_name,birthday,phone,email,nature,info,picture_ext,picture_name) VALUES (26,'Федин','Евгений','Русланович','1990-11-24','','','s','','jpg','fedin_rus.jpg');
INSERT INTO `people` (id,last_name,first_name,patronymic_name,birthday,phone,email,nature,info,picture_ext,picture_name) VALUES (27,'Шаров','Максим','Романович','1990-11-18','','','s','','jpg','sharov.jpg');


INSERT INTO `students` (person_id,year_income,speciality_id) VALUES (9,2007,1);
INSERT INTO `students` (person_id,year_income,speciality_id) VALUES (10,2007,1);
INSERT INTO `students` (person_id,year_income,speciality_id) VALUES (11,2007,1);
INSERT INTO `students` (person_id,year_income,speciality_id) VALUES (12,2007,1);
INSERT INTO `students` (person_id,year_income,speciality_id) VALUES (13,2007,1);
INSERT INTO `students` (person_id,year_income,speciality_id) VALUES (14,2007,1);
INSERT INTO `students` (person_id,year_income,speciality_id) VALUES (15,2007,1);
INSERT INTO `students` (person_id,year_income,speciality_id) VALUES (16,2007,1);
INSERT INTO `students` (person_id,year_income,speciality_id) VALUES (17,2007,1);
INSERT INTO `students` (person_id,year_income,speciality_id) VALUES (18,2007,1);
INSERT INTO `students` (person_id,year_income,speciality_id) VALUES (19,2007,1);
INSERT INTO `students` (person_id,year_income,speciality_id) VALUES (20,2007,1);
INSERT INTO `students` (person_id,year_income,speciality_id) VALUES (21,2007,1);
INSERT INTO `students` (person_id,year_income,speciality_id) VALUES (22,2007,1);
INSERT INTO `students` (person_id,year_income,speciality_id) VALUES (23,2007,1);
INSERT INTO `students` (person_id,year_income,speciality_id) VALUES (24,2007,1);
INSERT INTO `students` (person_id,year_income,speciality_id) VALUES (25,2007,1);
INSERT INTO `students` (person_id,year_income,speciality_id) VALUES (26,2007,1);
INSERT INTO `students` (person_id,year_income,speciality_id) VALUES (27,2007,1);


INSERT INTO `teachers` (person_id,position_id,degree_id) VALUES (1,1,5);
INSERT INTO `teachers` (person_id,position_id,degree_id) VALUES (2,2,4);
INSERT INTO `teachers` (person_id,position_id,degree_id) VALUES (3,2,3);
INSERT INTO `teachers` (person_id,position_id,degree_id) VALUES (4,2,3);
INSERT INTO `teachers` (person_id,position_id,degree_id) VALUES (5,3,1);
INSERT INTO `teachers` (person_id,position_id,degree_id) VALUES (6,3,3);
INSERT INTO `teachers` (person_id,position_id,degree_id) VALUES (7,2,3);
INSERT INTO `teachers` (person_id,position_id,degree_id) VALUES (8,3,2);


INSERT INTO `disciplines_teachers` (id,discipline_id,teacher_id) VALUES (1,6,1);
INSERT INTO `disciplines_teachers` (id,discipline_id,teacher_id) VALUES (2,7,1);
INSERT INTO `disciplines_teachers` (id,discipline_id,teacher_id) VALUES (3,8,1);
INSERT INTO `disciplines_teachers` (id,discipline_id,teacher_id) VALUES (4,11,2);
INSERT INTO `disciplines_teachers` (id,discipline_id,teacher_id) VALUES (5,12,2);
INSERT INTO `disciplines_teachers` (id,discipline_id,teacher_id) VALUES (6,13,2);
INSERT INTO `disciplines_teachers` (id,discipline_id,teacher_id) VALUES (7,14,2);
INSERT INTO `disciplines_teachers` (id,discipline_id,teacher_id) VALUES (8,15,2);
INSERT INTO `disciplines_teachers` (id,discipline_id,teacher_id) VALUES (9,16,7);
INSERT INTO `disciplines_teachers` (id,discipline_id,teacher_id) VALUES (10,17,7);
INSERT INTO `disciplines_teachers` (id,discipline_id,teacher_id) VALUES (11,18,7);
INSERT INTO `disciplines_teachers` (id,discipline_id,teacher_id) VALUES (12,19,7);
INSERT INTO `disciplines_teachers` (id,discipline_id,teacher_id) VALUES (13,20,7);
INSERT INTO `disciplines_teachers` (id,discipline_id,teacher_id) VALUES (14,21,3);
INSERT INTO `disciplines_teachers` (id,discipline_id,teacher_id) VALUES (15,22,3);
INSERT INTO `disciplines_teachers` (id,discipline_id,teacher_id) VALUES (16,11,4);
INSERT INTO `disciplines_teachers` (id,discipline_id,teacher_id) VALUES (17,17,4);
INSERT INTO `disciplines_teachers` (id,discipline_id,teacher_id) VALUES (18,23,4);
INSERT INTO `disciplines_teachers` (id,discipline_id,teacher_id) VALUES (19,13,4);
INSERT INTO `disciplines_teachers` (id,discipline_id,teacher_id) VALUES (20,9,5);
INSERT INTO `disciplines_teachers` (id,discipline_id,teacher_id) VALUES (21,17,6);
INSERT INTO `disciplines_teachers` (id,discipline_id,teacher_id) VALUES (22,11,6);
INSERT INTO `disciplines_teachers` (id,discipline_id,teacher_id) VALUES (23,16,6);
INSERT INTO `disciplines_teachers` (id,discipline_id,teacher_id) VALUES (24,27,6);
INSERT INTO `disciplines_teachers` (id,discipline_id,teacher_id) VALUES (25,13,6);
INSERT INTO `disciplines_teachers` (id,discipline_id,teacher_id) VALUES (26,1,8);
INSERT INTO `disciplines_teachers` (id,discipline_id,teacher_id) VALUES (27,9,8);
INSERT INTO `disciplines_teachers` (id,discipline_id,teacher_id) VALUES (28,3,8);
INSERT INTO `disciplines_teachers` (id,discipline_id,teacher_id) VALUES (29,10,8);

